{
    "0": {
        "precision": 0.9978885303374367,
        "recall": 0.9958255476483918,
        "f1-score": 0.9968559716639471,
        "support": 25153.0
    },
    "1": {
        "precision": 0.3333333333333333,
        "recall": 0.43478260869565216,
        "f1-score": 0.37735849056603776,
        "support": 23.0
    },
    "2": {
        "precision": 0.9843962008141113,
        "recall": 0.9965659340659341,
        "f1-score": 0.990443686006826,
        "support": 1456.0
    },
    "3": {
        "precision": 0.9152542372881356,
        "recall": 0.9391304347826087,
        "f1-score": 0.927038626609442,
        "support": 115.0
    },
    "4": {
        "precision": 0.9937727036844837,
        "recall": 0.9891528925619835,
        "f1-score": 0.9914574165156614,
        "support": 1936.0
    },
    "5": {
        "precision": 0.8289473684210527,
        "recall": 0.9692307692307692,
        "f1-score": 0.8936170212765957,
        "support": 65.0
    },
    "6": {
        "precision": 0.7471264367816092,
        "recall": 0.9285714285714286,
        "f1-score": 0.8280254777070064,
        "support": 70.0
    },
    "7": {
        "precision": 0.9325842696629213,
        "recall": 1.0,
        "f1-score": 0.9651162790697675,
        "support": 83.0
    },
    "8": {
        "precision": 0.0,
        "recall": 0.0,
        "f1-score": 0.0,
        "support": 1.0
    },
    "9": {
        "precision": 0.9791044776119403,
        "recall": 0.9461538461538461,
        "f1-score": 0.9623471882640586,
        "support": 1040.0
    },
    "10": {
        "precision": 0.7872340425531915,
        "recall": 0.925,
        "f1-score": 0.8505747126436781,
        "support": 40.0
    },
    "11": {
        "precision": 0.2413793103448276,
        "recall": 0.6363636363636364,
        "f1-score": 0.35,
        "support": 11.0
    },
    "12": {
        "precision": 0.0,
        "recall": 0.0,
        "f1-score": 0.0,
        "support": 7.0
    },
    "accuracy": 0.9923666666666666,
    "macro avg": {
        "precision": 0.6723862239102341,
        "recall": 0.7508290075441733,
        "f1-score": 0.7025257592556169,
        "support": 30000.0
    },
    "weighted avg": {
        "precision": 0.9935344681662431,
        "recall": 0.9923666666666666,
        "f1-score": 0.9928540037697419,
        "support": 30000.0
    }
}