{
    "0": {
        "precision": 0.9966640190627483,
        "recall": 0.9989650505532999,
        "f1-score": 0.9978132082223371,
        "support": 12561.0
    },
    "1": {
        "precision": 0.6,
        "recall": 0.25,
        "f1-score": 0.35294117647058826,
        "support": 12.0
    },
    "2": {
        "precision": 1.0,
        "recall": 0.9973297730307076,
        "f1-score": 0.9986631016042781,
        "support": 749.0
    },
    "3": {
        "precision": 0.9821428571428571,
        "recall": 0.9482758620689655,
        "f1-score": 0.9649122807017544,
        "support": 58.0
    },
    "4": {
        "precision": 0.9947368421052631,
        "recall": 0.9884937238493724,
        "f1-score": 0.9916054564533053,
        "support": 956.0
    },
    "5": {
        "precision": 0.9354838709677419,
        "recall": 0.90625,
        "f1-score": 0.9206349206349206,
        "support": 32.0
    },
    "6": {
        "precision": 1.0,
        "recall": 0.9705882352941176,
        "f1-score": 0.9850746268656716,
        "support": 34.0
    },
    "7": {
        "precision": 1.0,
        "recall": 1.0,
        "f1-score": 1.0,
        "support": 43.0
    },
    "8": {
        "precision": 0.0,
        "recall": 0.0,
        "f1-score": 0.0,
        "support": 1.0
    },
    "9": {
        "precision": 0.9922779922779923,
        "recall": 0.9865642994241842,
        "f1-score": 0.9894128970163619,
        "support": 521.0
    },
    "10": {
        "precision": 1.0,
        "recall": 0.9565217391304348,
        "f1-score": 0.9777777777777777,
        "support": 23.0
    },
    "11": {
        "precision": 0.5,
        "recall": 0.4,
        "f1-score": 0.4444444444444444,
        "support": 5.0
    },
    "12": {
        "precision": 0.0,
        "recall": 0.0,
        "f1-score": 0.0,
        "support": 5.0
    },
    "accuracy": 0.9960666666666667,
    "macro avg": {
        "precision": 0.7693311985812771,
        "recall": 0.7233068217962372,
        "f1-score": 0.7402522992454953,
        "support": 15000.0
    },
    "weighted avg": {
        "precision": 0.9955094512041268,
        "recall": 0.9960666666666667,
        "f1-score": 0.995723565305365,
        "support": 15000.0
    }
}