{
    "0": {
        "precision": 0.9980932708349884,
        "recall": 0.9989265693953008,
        "f1-score": 0.9985097462594631,
        "support": 25153.0
    },
    "1": {
        "precision": 0.7333333333333333,
        "recall": 0.4782608695652174,
        "f1-score": 0.5789473684210527,
        "support": 23.0
    },
    "2": {
        "precision": 0.9993122420907841,
        "recall": 0.9979395604395604,
        "f1-score": 0.9986254295532646,
        "support": 1456.0
    },
    "3": {
        "precision": 0.9823008849557522,
        "recall": 0.9652173913043478,
        "f1-score": 0.9736842105263158,
        "support": 115.0
    },
    "4": {
        "precision": 0.9974039460020768,
        "recall": 0.9922520661157025,
        "f1-score": 0.9948213360952874,
        "support": 1936.0
    },
    "5": {
        "precision": 0.9130434782608695,
        "recall": 0.9692307692307692,
        "f1-score": 0.9402985074626866,
        "support": 65.0
    },
    "6": {
        "precision": 0.9855072463768116,
        "recall": 0.9714285714285714,
        "f1-score": 0.9784172661870504,
        "support": 70.0
    },
    "7": {
        "precision": 1.0,
        "recall": 1.0,
        "f1-score": 1.0,
        "support": 83.0
    },
    "8": {
        "precision": 0.0,
        "recall": 0.0,
        "f1-score": 0.0,
        "support": 1.0
    },
    "9": {
        "precision": 0.9904122722914669,
        "recall": 0.9932692307692308,
        "f1-score": 0.9918386941910706,
        "support": 1040.0
    },
    "10": {
        "precision": 1.0,
        "recall": 0.9,
        "f1-score": 0.9473684210526315,
        "support": 40.0
    },
    "11": {
        "precision": 0.6,
        "recall": 0.8181818181818182,
        "f1-score": 0.6923076923076923,
        "support": 11.0
    },
    "12": {
        "precision": 0.3333333333333333,
        "recall": 0.14285714285714285,
        "f1-score": 0.2,
        "support": 7.0
    },
    "accuracy": 0.9971666666666666,
    "macro avg": {
        "precision": 0.810210769806109,
        "recall": 0.7867356914836663,
        "f1-score": 0.791909128619732,
        "support": 30000.0
    },
    "weighted avg": {
        "precision": 0.9970379801181012,
        "recall": 0.9971666666666666,
        "f1-score": 0.9970602942830963,
        "support": 30000.0
    }
}