{
    "0": {
        "precision": 0.9976186696301,
        "recall": 0.9988872993164839,
        "f1-score": 0.9982525814138205,
        "support": 6291.0
    },
    "1": {
        "precision": 1.0,
        "recall": 0.42857142857142855,
        "f1-score": 0.6,
        "support": 7.0
    },
    "2": {
        "precision": 0.9973333333333333,
        "recall": 1.0,
        "f1-score": 0.9986648865153538,
        "support": 374.0
    },
    "3": {
        "precision": 1.0,
        "recall": 1.0,
        "f1-score": 1.0,
        "support": 25.0
    },
    "4": {
        "precision": 0.9958847736625515,
        "recall": 0.9897750511247444,
        "f1-score": 0.9928205128205129,
        "support": 489.0
    },
    "5": {
        "precision": 0.9473684210526315,
        "recall": 1.0,
        "f1-score": 0.972972972972973,
        "support": 18.0
    },
    "6": {
        "precision": 0.9444444444444444,
        "recall": 0.8947368421052632,
        "f1-score": 0.918918918918919,
        "support": 19.0
    },
    "7": {
        "precision": 1.0,
        "recall": 1.0,
        "f1-score": 1.0,
        "support": 21.0
    },
    "9": {
        "precision": 0.9918032786885246,
        "recall": 0.9958847736625515,
        "f1-score": 0.9938398357289527,
        "support": 243.0
    },
    "10": {
        "precision": 1.0,
        "recall": 0.9090909090909091,
        "f1-score": 0.9523809523809523,
        "support": 11.0
    },
    "11": {
        "precision": 0.0,
        "recall": 0.0,
        "f1-score": 0.0,
        "support": 2.0
    },
    "accuracy": 0.9970666666666667,
    "macro avg": {
        "precision": 0.8976775382555986,
        "recall": 0.8379042094428527,
        "f1-score": 0.8570773327955894,
        "support": 7500.0
    },
    "weighted avg": {
        "precision": 0.9968019525833756,
        "recall": 0.9970666666666667,
        "f1-score": 0.9968198842042155,
        "support": 7500.0
    }
}