{
    "0": {
        "precision": 0.997499603111605,
        "recall": 0.9992048662187413,
        "f1-score": 0.9983515064847366,
        "support": 25153.0
    },
    "1": {
        "precision": 1.0,
        "recall": 0.2608695652173913,
        "f1-score": 0.41379310344827586,
        "support": 23.0
    },
    "2": {
        "precision": 0.9993122420907841,
        "recall": 0.9979395604395604,
        "f1-score": 0.9986254295532646,
        "support": 1456.0
    },
    "3": {
        "precision": 0.9821428571428571,
        "recall": 0.9565217391304348,
        "f1-score": 0.9691629955947136,
        "support": 115.0
    },
    "4": {
        "precision": 0.9989572471324296,
        "recall": 0.9896694214876033,
        "f1-score": 0.99429164504411,
        "support": 1936.0
    },
    "5": {
        "precision": 0.9393939393939394,
        "recall": 0.9538461538461539,
        "f1-score": 0.9465648854961832,
        "support": 65.0
    },
    "6": {
        "precision": 0.9571428571428572,
        "recall": 0.9571428571428572,
        "f1-score": 0.9571428571428572,
        "support": 70.0
    },
    "7": {
        "precision": 1.0,
        "recall": 1.0,
        "f1-score": 1.0,
        "support": 83.0
    },
    "8": {
        "precision": 0.0,
        "recall": 0.0,
        "f1-score": 0.0,
        "support": 1.0
    },
    "9": {
        "precision": 0.9913378248315688,
        "recall": 0.9903846153846154,
        "f1-score": 0.9908609908609909,
        "support": 1040.0
    },
    "10": {
        "precision": 1.0,
        "recall": 0.95,
        "f1-score": 0.9743589743589743,
        "support": 40.0
    },
    "11": {
        "precision": 0.5384615384615384,
        "recall": 0.6363636363636364,
        "f1-score": 0.5833333333333334,
        "support": 11.0
    },
    "12": {
        "precision": 0.2,
        "recall": 0.14285714285714285,
        "f1-score": 0.16666666666666666,
        "support": 7.0
    },
    "accuracy": 0.9968666666666667,
    "macro avg": {
        "precision": 0.8157113930236599,
        "recall": 0.7565230429298566,
        "f1-score": 0.7687040298449314,
        "support": 30000.0
    },
    "weighted avg": {
        "precision": 0.9968136273792904,
        "recall": 0.9968666666666667,
        "f1-score": 0.9966677839692871,
        "support": 30000.0
    }
}