{
    "0": {
        "precision": 0.9978583326723249,
        "recall": 0.9990470139771284,
        "f1-score": 0.9984523195364895,
        "support": 12592.0
    },
    "1": {
        "precision": 1.0,
        "recall": 0.45454545454545453,
        "f1-score": 0.625,
        "support": 11.0
    },
    "2": {
        "precision": 1.0,
        "recall": 0.9985855728429985,
        "f1-score": 0.9992922859164898,
        "support": 707.0
    },
    "3": {
        "precision": 0.9824561403508771,
        "recall": 0.9824561403508771,
        "f1-score": 0.9824561403508771,
        "support": 57.0
    },
    "4": {
        "precision": 0.9979402677651905,
        "recall": 0.9887755102040816,
        "f1-score": 0.9933367503844183,
        "support": 980.0
    },
    "5": {
        "precision": 0.9166666666666666,
        "recall": 1.0,
        "f1-score": 0.9565217391304348,
        "support": 33.0
    },
    "6": {
        "precision": 0.9705882352941176,
        "recall": 0.9166666666666666,
        "f1-score": 0.9428571428571428,
        "support": 36.0
    },
    "7": {
        "precision": 1.0,
        "recall": 1.0,
        "f1-score": 1.0,
        "support": 40.0
    },
    "9": {
        "precision": 0.9884836852207294,
        "recall": 0.9922928709055877,
        "f1-score": 0.9903846153846154,
        "support": 519.0
    },
    "10": {
        "precision": 1.0,
        "recall": 0.8823529411764706,
        "f1-score": 0.9375,
        "support": 17.0
    },
    "11": {
        "precision": 0.7142857142857143,
        "recall": 0.8333333333333334,
        "f1-score": 0.7692307692307693,
        "support": 6.0
    },
    "12": {
        "precision": 0.0,
        "recall": 0.0,
        "f1-score": 0.0,
        "support": 2.0
    },
    "accuracy": 0.9971333333333333,
    "macro avg": {
        "precision": 0.8806899201879683,
        "recall": 0.8373379586668833,
        "f1-score": 0.849585980232603,
        "support": 15000.0
    },
    "weighted avg": {
        "precision": 0.9971009007203775,
        "recall": 0.9971333333333333,
        "f1-score": 0.9970284562438217,
        "support": 15000.0
    }
}