{
    "0": {
        "precision": 0.9971478371098083,
        "recall": 0.9987303602602762,
        "f1-score": 0.9979384712971773,
        "support": 6301.0
    },
    "1": {
        "precision": 1.0,
        "recall": 0.25,
        "f1-score": 0.4,
        "support": 4.0
    },
    "2": {
        "precision": 0.9940119760479041,
        "recall": 0.996996996996997,
        "f1-score": 0.9955022488755623,
        "support": 333.0
    },
    "3": {
        "precision": 0.9666666666666667,
        "recall": 0.90625,
        "f1-score": 0.9354838709677419,
        "support": 32.0
    },
    "4": {
        "precision": 1.0,
        "recall": 0.9837067209775967,
        "f1-score": 0.9917864476386037,
        "support": 491.0
    },
    "5": {
        "precision": 0.875,
        "recall": 0.9333333333333333,
        "f1-score": 0.9032258064516129,
        "support": 15.0
    },
    "6": {
        "precision": 1.0,
        "recall": 0.9411764705882353,
        "f1-score": 0.9696969696969697,
        "support": 17.0
    },
    "7": {
        "precision": 1.0,
        "recall": 1.0,
        "f1-score": 1.0,
        "support": 19.0
    },
    "9": {
        "precision": 0.985663082437276,
        "recall": 0.9963768115942029,
        "f1-score": 0.990990990990991,
        "support": 276.0
    },
    "10": {
        "precision": 1.0,
        "recall": 0.8333333333333334,
        "f1-score": 0.9090909090909091,
        "support": 6.0
    },
    "11": {
        "precision": 0.6,
        "recall": 0.75,
        "f1-score": 0.6666666666666666,
        "support": 4.0
    },
    "12": {
        "precision": 0.0,
        "recall": 0.0,
        "f1-score": 0.0,
        "support": 2.0
    },
    "accuracy": 0.996,
    "macro avg": {
        "precision": 0.8682074635218046,
        "recall": 0.7991586689236646,
        "f1-score": 0.8133651984730195,
        "support": 7500.0
    },
    "weighted avg": {
        "precision": 0.99593811383185,
        "recall": 0.996,
        "f1-score": 0.9958244196529262,
        "support": 7500.0
    }
}